[
    {
        "id": 100,
        "name": "Glenn Miller",
        "email": "jacobherring@example.net"
    },
    {
        "id": 101,
        "name": "Angela Henry",
        "email": "daymelody@example.org"
    },
    {
        "id": 102,
        "name": "Jennifer Bennett",
        "email": "rogersrichard@example.net"
    },
    {
        "id": 103,
        "name": "Mark Russell",
        "email": "garzachloe@example.net"
    },
    {
        "id": 104,
        "name": "Meredith Burke",
        "email": "melissa68@example.org"
    },
    {
        "id": 105,
        "name": "James Chang",
        "email": "megantaylor@example.net"
    },
    {
        "id": 106,
        "name": "Bobby Simmons",
        "email": "thaas@example.com"
    },
    {
        "id": 107,
        "name": "Michael Gutierrez",
        "email": "mathewwong@example.org"
    },
    {
        "id": 108,
        "name": "David Burch",
        "email": "joshuabradley@example.com"
    },
    {
        "id": 109,
        "name": "Andrew Stokes",
        "email": "danieldixon@example.org"
    },
    {
        "id": 110,
        "name": "Kimberly Harris",
        "email": "james94@example.org"
    },
    {
        "id": 111,
        "name": "Alex Ward",
        "email": "tanneradrian@example.org"
    },
    {
        "id": 112,
        "name": "Alex Ruiz",
        "email": "jay98@example.net"
    },
    {
        "id": 113,
        "name": "Wendy Jacobs",
        "email": "ashleygarcia@example.net"
    },
    {
        "id": 114,
        "name": "Jennifer Poole",
        "email": "wodonnell@example.com"
    },
    {
        "id": 115,
        "name": "Kristin Smith",
        "email": "icrawford@example.org"
    },
    {
        "id": 116,
        "name": "Marcus Rodriguez",
        "email": "dwright@example.com"
    },
    {
        "id": 117,
        "name": "Henry Bryan",
        "email": "ssnyder@example.com"
    },
    {
        "id": 118,
        "name": "Jeffrey Lang",
        "email": "turnerjerry@example.net"
    },
    {
        "id": 119,
        "name": "Eric Hill",
        "email": "stacey99@example.org"
    }
]